"folder","current_prefix","proposed_prefix","png_count","status","notes"
"C:\Users\julian\Documents\.fanaticotas\Adoptame","ADO","ADO","20","OK;NORMALIZAR PREFIJO;COMPLETO","afectados=20; canónicos=20; maestros=0; nom=0; nom_cambios_condicionales=0; "
"C:\Users\julian\Documents\.fanaticotas\Aldosivi","ALD","ALD","2","OK;NORMALIZAR PREFIJO;INCOMPLETO","afectados=2; canónicos=2; maestros=0; nom=0; nom_cambios_condicionales=0; INCOMPLETO: faltan 18 slots canónicos; maestros/nom no completan slots."
"C:\Users\julian\Documents\.fanaticotas\Almirante Brown","ALMB","ALMB","22","OK;NORMALIZAR PREFIJO;COMPLETO","afectados=20; canónicos=20; maestros=0; nom=0; nom_cambios_condicionales=0; "
"C:\Users\julian\Documents\.fanaticotas\Argentina\Argentina 1994","ARG94","ARG94","22","OK;NORMALIZAR PREFIJO;COMPLETO","afectados=20; canónicos=20; maestros=0; nom=0; nom_cambios_condicionales=0; "
"C:\Users\julian\Documents\.fanaticotas\Argentina\Argentina 2006","ARG06","ARG06","2","OK;CONSERVAR;INCOMPLETO","afectados=0; canónicos=0; maestros=0; nom=0; nom_cambios_condicionales=0; INCOMPLETO: faltan 20 slots canónicos; maestros/nom no completan slots."
"C:\Users\julian\Documents\.fanaticotas\Argentina\Argentina 2024","ARG24","ARG24","22","OK;NORMALIZAR PREFIJO;COMPLETO","afectados=20; canónicos=20; maestros=0; nom=0; nom_cambios_condicionales=0; "
"C:\Users\julian\Documents\.fanaticotas\Argentina\Argentina 2026","ARG26","ARG26","22","REVISAR;REVISAR;COMPLETO","afectados=20; canónicos=20; maestros=0; nom=0; nom_cambios_condicionales=0; PSD llamado ""00000000mold Argentina 2026 SM.psd"": significado de SM e identidad respecto de CM requieren revisión humana. ARG26 reservado provisionalmente a esta carpeta. Código actual global compartido: ARG26."
"C:\Users\julian\Documents\.fanaticotas\Argentina\Argentina 2026 CM","ARG26","ACM26","27","REVISAR;REVISAR;COMPLETO","afectados=22; canónicos=20; maestros=2; nom=5; nom_cambios_condicionales=5; Comparte ARG26 con Argentina 2026; PSD omite CM. ACM26 conserva literalmente CM sin expandir su significado. Confirmar diseños distintos. Código actual global compartido: ARG26."
"C:\Users\julian\Documents\.fanaticotas\Argentina\Argentina 2026 Especial","ARG26E","ARE26","24","OK;NORMALIZAR CODIGO;COMPLETO","afectados=22; canónicos=20; maestros=2; nom=2; nom_cambios_condicionales=2; "
"C:\Users\julian\Documents\.fanaticotas\Argentina\Argentina 2026 Especial 2","ARG26E2","AE226","18","REVISAR;NORMALIZAR CODIGO;INCOMPLETO","afectados=18; canónicos=16; maestros=2; nom=0; nom_cambios_condicionales=0; AE226 = Argentina + Especial 2 + 26; confirmar que 2 es una variante independiente. INCOMPLETO: faltan 4 slots canónicos; maestros/nom no completan slots."
"C:\Users\julian\Documents\.fanaticotas\Argentina\Argentina 2026 Messi","ARGM","ARM26","22","OK;NORMALIZAR PREFIJO;COMPLETO","afectados=22; canónicos=20; maestros=2; nom=0; nom_cambios_condicionales=0; "
"C:\Users\julian\Documents\.fanaticotas\Argentina\Argentina 2026 Suplente","ARG26S","ARS26","24","OK;NORMALIZAR CODIGO;COMPLETO","afectados=22; canónicos=20; maestros=2; nom=2; nom_cambios_condicionales=2; "
"C:\Users\julian\Documents\.fanaticotas\Argentina\Argentina 2026 Suplente CM","ARG26SM","ASC26","23","REVISAR;NORMALIZAR CODIGO;COMPLETO","afectados=22; canónicos=20; maestros=2; nom=1; nom_cambios_condicionales=1; ASC26 = Argentina + Suplente + C de CM + 26. PSD omite CM. Confirmar identidad antes de adoptar código."
"C:\Users\julian\Documents\.fanaticotas\Argentina\Argentina Prematch","ARPM","ARPM","5","OK;NORMALIZAR PREFIJO;INCOMPLETO","afectados=5; canónicos=5; maestros=0; nom=0; nom_cambios_condicionales=0; INCOMPLETO: faltan 15 slots canónicos; maestros/nom no completan slots."
"C:\Users\julian\Documents\.fanaticotas\Argentinos Juniors\Argentinos Juniors Clasica","AJCL","AJCL","16","OK;NORMALIZAR PREFIJO;INCOMPLETO","afectados=16; canónicos=16; maestros=0; nom=0; nom_cambios_condicionales=0; INCOMPLETO: faltan 4 slots canónicos; maestros/nom no completan slots."
"C:\Users\julian\Documents\.fanaticotas\Arsenal","AS25","ASL25","16","SUGERENCIA DE RENOMBRE;NORMALIZAR PREFIJO;INCOMPLETO","afectados=16; canónicos=16; maestros=0; nom=0; nom_cambios_condicionales=0; AS25 y PSD Arsenal 2025 sugieren año ausente; confirmar. ASL25 distingue de Argentina Suplente. INCOMPLETO: faltan 4 slots canónicos; maestros/nom no completan slots."
"C:\Users\julian\Documents\.fanaticotas\Atlanta","ATL","ATL","22","OK;NORMALIZAR PREFIJO;COMPLETO","afectados=20; canónicos=20; maestros=0; nom=0; nom_cambios_condicionales=0; "
"C:\Users\julian\Documents\.fanaticotas\Banfield","BANF","BANF","22","OK;NORMALIZAR PREFIJO;COMPLETO","afectados=20; canónicos=20; maestros=0; nom=0; nom_cambios_condicionales=0; "
"C:\Users\julian\Documents\.fanaticotas\Batman","BAT","BAT","22","OK;NORMALIZAR PREFIJO;COMPLETO","afectados=20; canónicos=20; maestros=0; nom=0; nom_cambios_condicionales=0; "
"C:\Users\julian\Documents\.fanaticotas\Boca\Boca 12","B12","BJ12","22","OK;NORMALIZAR PREFIJO;COMPLETO","afectados=22; canónicos=20; maestros=2; nom=0; nom_cambios_condicionales=0; "
"C:\Users\julian\Documents\.fanaticotas\Boca\Boca 2023","BJ23","BJ23","12","OK;NORMALIZAR PREFIJO;INCOMPLETO","afectados=12; canónicos=12; maestros=0; nom=0; nom_cambios_condicionales=0; INCOMPLETO: faltan 8 slots canónicos; maestros/nom no completan slots."
"C:\Users\julian\Documents\.fanaticotas\Boca\Boca 2024","BJ24","BJ24","16","OK;NORMALIZAR PREFIJO;INCOMPLETO","afectados=16; canónicos=16; maestros=0; nom=0; nom_cambios_condicionales=0; INCOMPLETO: faltan 4 slots canónicos; maestros/nom no completan slots."
"C:\Users\julian\Documents\.fanaticotas\Boca\Boca 2025","BJ25","BJ25","19","OK;NORMALIZAR PREFIJO;INCOMPLETO","afectados=16; canónicos=16; maestros=0; nom=3; nom_cambios_condicionales=0; INCOMPLETO: faltan 4 slots canónicos; maestros/nom no completan slots."
"C:\Users\julian\Documents\.fanaticotas\Boca\Boca 2026","BJ26","BJ26","24","REVISAR;REVISAR;COMPLETO","afectados=20; canónicos=20; maestros=0; nom=2; nom_cambios_condicionales=0; Dos nom con TX no tienen talle válido; no inferir talle ni lado desde el texto."
"C:\Users\julian\Documents\.fanaticotas\Boca\Boca Amarilla","BOCAM","BJAM","22","OK;NORMALIZAR PREFIJO;COMPLETO","afectados=22; canónicos=20; maestros=2; nom=0; nom_cambios_condicionales=0; "
"C:\Users\julian\Documents\.fanaticotas\Boca\Boca Azul","BJAZ","BJAZ","22","OK;CONSERVAR;COMPLETO","afectados=0; canónicos=0; maestros=0; nom=0; nom_cambios_condicionales=0; "
"C:\Users\julian\Documents\.fanaticotas\Boca\Boca Firma","BJF","BJF","18","REVISAR;REVISAR;INCOMPLETO","afectados=16; canónicos=16; maestros=0; nom=0; nom_cambios_condicionales=0; BJF (F)/(D).png carecen de 00: no se reconocen como maestros. Reparación manual adicional, fuera del cambio de código. INCOMPLETO: faltan 4 slots canónicos; maestros/nom no completan slots."
"C:\Users\julian\Documents\.fanaticotas\Boca\Boca Quilmes","BOQ;BJ26S","BJQ","22","REVISAR;REVISAR;COMPLETO","afectados=22; canónicos=20; maestros=2; nom=0; nom_cambios_condicionales=0; Maestros BOQ y PSD Boca Quilmes; 20 canónicos BJ26S, compartido con Boca Suplente 2026. BJQ condicionado a revisar el arte. Múltiples códigos lógicos: BOQ, BJ26S. Código actual global compartido: BJ26S."
"C:\Users\julian\Documents\.fanaticotas\Boca\Boca Retro","BRET","BJRET","16","OK;NORMALIZAR PREFIJO;INCOMPLETO","afectados=16; canónicos=16; maestros=0; nom=0; nom_cambios_condicionales=0; INCOMPLETO: faltan 4 slots canónicos; maestros/nom no completan slots."
"C:\Users\julian\Documents\.fanaticotas\Boca\Boca Rosa","BROS","BJROS","16","OK;NORMALIZAR PREFIJO;INCOMPLETO","afectados=16; canónicos=16; maestros=0; nom=0; nom_cambios_condicionales=0; INCOMPLETO: faltan 4 slots canónicos; maestros/nom no completan slots."
"C:\Users\julian\Documents\.fanaticotas\Boca\Boca Siempre Mono","BSM","BJSM","2","OK;NORMALIZAR PREFIJO;INCOMPLETO","afectados=2; canónicos=0; maestros=2; nom=0; nom_cambios_condicionales=0; INCOMPLETO: faltan 20 slots canónicos; maestros/nom no completan slots."
"C:\Users\julian\Documents\.fanaticotas\Boca\Boca Suplente 2026","BJ26S","BJS26","22","OK;REVISAR;COMPLETO","afectados=22; canónicos=20; maestros=2; nom=0; nom_cambios_condicionales=0; BJS26 definido por usuario, reservado sin cambios. Código actual global compartido: BJ26S."
"C:\Users\julian\Documents\.fanaticotas\Buenos Aires\Buenos Aires","BA","BA","22","OK;NORMALIZAR PREFIJO;COMPLETO","afectados=20; canónicos=20; maestros=0; nom=0; nom_cambios_condicionales=0; "
"C:\Users\julian\Documents\.fanaticotas\Buenos Aires\Buenos Aires 2","BA2","BA2","22","OK;NORMALIZAR PREFIJO;COMPLETO","afectados=20; canónicos=20; maestros=0; nom=0; nom_cambios_condicionales=0; "
"C:\Users\julian\Documents\.fanaticotas\Buenos Aires\Buenos Aires 3","BA3","BA3","22","OK;NORMALIZAR PREFIJO;COMPLETO","afectados=16; canónicos=16; maestros=0; nom=0; nom_cambios_condicionales=0; "
"C:\Users\julian\Documents\.fanaticotas\Bugs Bunny","BBUG","BBUG","20","OK;NORMALIZAR PREFIJO;COMPLETO","afectados=20; canónicos=20; maestros=0; nom=0; nom_cambios_condicionales=0; "
"C:\Users\julian\Documents\.fanaticotas\Capitan America","CAPA","CAPA","20","OK;NORMALIZAR PREFIJO;COMPLETO","afectados=20; canónicos=20; maestros=0; nom=0; nom_cambios_condicionales=0; "
"C:\Users\julian\Documents\.fanaticotas\Claypole","CLA","CLA","22","OK;CONSERVAR;COMPLETO","afectados=0; canónicos=0; maestros=0; nom=0; nom_cambios_condicionales=0; "
"C:\Users\julian\Documents\.fanaticotas\Coraje","COR","COR","22","OK;CONSERVAR;COMPLETO","afectados=0; canónicos=0; maestros=0; nom=0; nom_cambios_condicionales=0; "
"C:\Users\julian\Documents\.fanaticotas\Dragon Ball\Dragon Ball Z","DBZ","DBZ","22","REVISAR;CONSERVAR;COMPLETO","afectados=0; canónicos=0; maestros=0; nom=0; nom_cambios_condicionales=0; DBZ ya correcto; revisar estructura contenedor/diseño en sección Dragon Ball."
"C:\Users\julian\Documents\.fanaticotas\Estudiantes","EST","EST","22","OK;CONSERVAR;COMPLETO","afectados=0; canónicos=0; maestros=0; nom=0; nom_cambios_condicionales=0; "
"C:\Users\julian\Documents\.fanaticotas\Frase","FRA","FRA","22","OK;NORMALIZAR PREFIJO;COMPLETO","afectados=20; canónicos=20; maestros=0; nom=0; nom_cambios_condicionales=0; "
"C:\Users\julian\Documents\.fanaticotas\Gimnasia","GIM","GIM","2","OK;CONSERVAR;INCOMPLETO","afectados=0; canónicos=0; maestros=0; nom=0; nom_cambios_condicionales=0; INCOMPLETO: faltan 20 slots canónicos; maestros/nom no completan slots."
"C:\Users\julian\Documents\.fanaticotas\Huracan","HUR","HUR","22","OK;CONSERVAR;COMPLETO","afectados=0; canónicos=0; maestros=0; nom=0; nom_cambios_condicionales=0; "
"C:\Users\julian\Documents\.fanaticotas\Independiente\Independiente 2025","IND25","IND25","24","OK;CONSERVAR;COMPLETO","afectados=0; canónicos=0; maestros=0; nom=2; nom_cambios_condicionales=0; "
"C:\Users\julian\Documents\.fanaticotas\Independiente\Independiente 2026","IND26","IND26","22","OK;CONSERVAR;COMPLETO","afectados=0; canónicos=0; maestros=0; nom=0; nom_cambios_condicionales=0; "
"C:\Users\julian\Documents\.fanaticotas\Inter Miami","IM","IM","19","OK;NORMALIZAR PREFIJO;INCOMPLETO","afectados=19; canónicos=19; maestros=0; nom=0; nom_cambios_condicionales=0; INCOMPLETO: faltan 1 slots canónicos; maestros/nom no completan slots."
"C:\Users\julian\Documents\.fanaticotas\La Renga","LREN","LREN","22","OK;NORMALIZAR PREFIJO;COMPLETO","afectados=16; canónicos=16; maestros=0; nom=0; nom_cambios_condicionales=0; "
"C:\Users\julian\Documents\.fanaticotas\Laferrere","LAFE","LAFE","16","OK;NORMALIZAR PREFIJO;INCOMPLETO","afectados=16; canónicos=16; maestros=0; nom=0; nom_cambios_condicionales=0; INCOMPLETO: faltan 4 slots canónicos; maestros/nom no completan slots."
"C:\Users\julian\Documents\.fanaticotas\Los Andes","LAN","LAN","22","OK;CONSERVAR;COMPLETO","afectados=0; canónicos=0; maestros=0; nom=0; nom_cambios_condicionales=0; "
"C:\Users\julian\Documents\.fanaticotas\Los Redondos","REDO","REDO","22","OK;NORMALIZAR PREFIJO;COMPLETO","afectados=16; canónicos=16; maestros=0; nom=0; nom_cambios_condicionales=0; "
"C:\Users\julian\Documents\.fanaticotas\Mafalda","MAF","MAF","22","OK;NORMALIZAR PREFIJO;COMPLETO","afectados=20; canónicos=20; maestros=0; nom=0; nom_cambios_condicionales=0; "
"C:\Users\julian\Documents\.fanaticotas\Malvinas","MLV","MLV","22","OK;NORMALIZAR PREFIJO;COMPLETO","afectados=16; canónicos=16; maestros=0; nom=0; nom_cambios_condicionales=0; "
"C:\Users\julian\Documents\.fanaticotas\MandalasA","MAND","MANDA","16","REVISAR;NORMALIZAR PREFIJO;INCOMPLETO","afectados=16; canónicos=16; maestros=0; nom=0; nom_cambios_condicionales=0; Confirmar significado de A. MANDA conserva A final en código; no quitar A de carpeta ni inferir otra variante. INCOMPLETO: faltan 4 slots canónicos; maestros/nom no completan slots."
"C:\Users\julian\Documents\.fanaticotas\Maradona","MDO","MDO","22","OK;CONSERVAR;COMPLETO","afectados=0; canónicos=0; maestros=0; nom=0; nom_cambios_condicionales=0; "
"C:\Users\julian\Documents\.fanaticotas\Maria Becerra","MBE","MBE","4","OK;NORMALIZAR PREFIJO;INCOMPLETO","afectados=1; canónicos=1; maestros=0; nom=1; nom_cambios_condicionales=0; INCOMPLETO: faltan 19 slots canónicos; maestros/nom no completan slots."
"C:\Users\julian\Documents\.fanaticotas\Moron","MOR","MOR","22","OK;CONSERVAR;COMPLETO","afectados=0; canónicos=0; maestros=0; nom=0; nom_cambios_condicionales=0; "
"C:\Users\julian\Documents\.fanaticotas\Mujer Maravilla","MMAR","MMAR","20","OK;NORMALIZAR PREFIJO;COMPLETO","afectados=20; canónicos=20; maestros=0; nom=0; nom_cambios_condicionales=0; "
"C:\Users\julian\Documents\.fanaticotas\Naruto","NAR","NAR","22","OK;NORMALIZAR PREFIJO;COMPLETO","afectados=20; canónicos=20; maestros=0; nom=0; nom_cambios_condicionales=0; "
"C:\Users\julian\Documents\.fanaticotas\Navidad","NAV","NAV","20","OK;NORMALIZAR PREFIJO;COMPLETO","afectados=20; canónicos=20; maestros=0; nom=0; nom_cambios_condicionales=0; "
"C:\Users\julian\Documents\.fanaticotas\Newells","NEW","NEW","7","OK;NORMALIZAR PREFIJO;INCOMPLETO","afectados=5; canónicos=5; maestros=0; nom=2; nom_cambios_condicionales=0; INCOMPLETO: faltan 15 slots canónicos; maestros/nom no completan slots."
"C:\Users\julian\Documents\.fanaticotas\Nueva Chicago","NCHI","NCHI","10","OK;NORMALIZAR PREFIJO;INCOMPLETO","afectados=10; canónicos=10; maestros=0; nom=0; nom_cambios_condicionales=0; INCOMPLETO: faltan 10 slots canónicos; maestros/nom no completan slots."
"C:\Users\julian\Documents\.fanaticotas\One Piece\One Piece G5","OPG5","OPG5","22","OK;NORMALIZAR PREFIJO;COMPLETO","afectados=20; canónicos=20; maestros=0; nom=0; nom_cambios_condicionales=0; "
"C:\Users\julian\Documents\.fanaticotas\Pantera Rosa","PROS","PROS","20","OK;NORMALIZAR PREFIJO;COMPLETO","afectados=20; canónicos=20; maestros=0; nom=0; nom_cambios_condicionales=0; "
"C:\Users\julian\Documents\.fanaticotas\Pantera Rosa Boca","PRB","PRB","22","OK;CONSERVAR;COMPLETO","afectados=0; canónicos=0; maestros=0; nom=0; nom_cambios_condicionales=0; "
"C:\Users\julian\Documents\.fanaticotas\Pink Floyd","PNK","PNK","22","OK;NORMALIZAR PREFIJO;COMPLETO","afectados=20; canónicos=20; maestros=0; nom=0; nom_cambios_condicionales=0; "
"C:\Users\julian\Documents\.fanaticotas\Platense","PLAT26","PLA26","29","SUGERENCIA DE RENOMBRE;NORMALIZAR CODIGO;COMPLETO","afectados=22; canónicos=20; maestros=2; nom=7; nom_cambios_condicionales=7; PLAT26 sugiere 2026, PSD omite año. PLA26 conserva año provisional; confirmar carpeta."
"C:\Users\julian\Documents\.fanaticotas\Racing\Racing 2024","RA24","RAC24","22","OK;NORMALIZAR PREFIJO;COMPLETO","afectados=20; canónicos=20; maestros=0; nom=2; nom_cambios_condicionales=2; "
"C:\Users\julian\Documents\.fanaticotas\Racing\Racing 2026","RAC26","RAC26","23","OK;NORMALIZAR PREFIJO;COMPLETO","afectados=20; canónicos=20; maestros=0; nom=1; nom_cambios_condicionales=0; "
"C:\Users\julian\Documents\.fanaticotas\River\River 2023","RI23","RIV23","3","OK;NORMALIZAR PREFIJO;INCOMPLETO","afectados=2; canónicos=2; maestros=0; nom=1; nom_cambios_condicionales=1; INCOMPLETO: faltan 18 slots canónicos; maestros/nom no completan slots."
"C:\Users\julian\Documents\.fanaticotas\River\River 2024","RI24","RIV24","16","OK;NORMALIZAR PREFIJO;INCOMPLETO","afectados=15; canónicos=15; maestros=0; nom=1; nom_cambios_condicionales=1; INCOMPLETO: faltan 5 slots canónicos; maestros/nom no completan slots."
"C:\Users\julian\Documents\.fanaticotas\River\River 2025","RI25","RIV25","17","OK;NORMALIZAR PREFIJO;INCOMPLETO","afectados=16; canónicos=16; maestros=0; nom=1; nom_cambios_condicionales=1; INCOMPLETO: faltan 4 slots canónicos; maestros/nom no completan slots."
"C:\Users\julian\Documents\.fanaticotas\River\River 2026","RIV26","RIV26","22","OK;NORMALIZAR PREFIJO;COMPLETO","afectados=20; canónicos=20; maestros=0; nom=0; nom_cambios_condicionales=0; "
"C:\Users\julian\Documents\.fanaticotas\River\River Suplente 2026","RIV26S","RPS26","22","OK;NORMALIZAR CODIGO;COMPLETO","afectados=22; canónicos=20; maestros=2; nom=0; nom_cambios_condicionales=0; RPS26 definido por usuario, reservado sin cambios; no exige agregar Plate a carpeta."
"C:\Users\julian\Documents\.fanaticotas\River\River Violeta","RVIO","RIVVI","4","OK;NORMALIZAR PREFIJO;INCOMPLETO","afectados=4; canónicos=4; maestros=0; nom=0; nom_cambios_condicionales=0; INCOMPLETO: faltan 16 slots canónicos; maestros/nom no completan slots."
"C:\Users\julian\Documents\.fanaticotas\Rolling Stones","RLS","RLS","22","OK;NORMALIZAR PREFIJO;COMPLETO","afectados=20; canónicos=20; maestros=0; nom=0; nom_cambios_condicionales=0; "
"C:\Users\julian\Documents\.fanaticotas\Rosario Central","RC26","RC26","22","REVISAR;NORMALIZAR PREFIJO;COMPLETO","afectados=20; canónicos=20; maestros=0; nom=0; nom_cambios_condicionales=0; PNG RC26; PSD Rosario Central 2025; pedido Rosario Central 2026 (1 al 6).jpg. Año contradictorio: RC26 provisional, no renombrar carpeta todavía."
"C:\Users\julian\Documents\.fanaticotas\San Lorenzo\San Lorenzo 2025","SL25","SLO25","9","OK;NORMALIZAR PREFIJO;INCOMPLETO","afectados=6; canónicos=6; maestros=0; nom=3; nom_cambios_condicionales=3; INCOMPLETO: faltan 14 slots canónicos; maestros/nom no completan slots."
"C:\Users\julian\Documents\.fanaticotas\San Lorenzo\San Lorenzo 2026","SLO26","SLO26","27","OK;NORMALIZAR PREFIJO;COMPLETO","afectados=20; canónicos=20; maestros=0; nom=5; nom_cambios_condicionales=0; "
"C:\Users\julian\Documents\.fanaticotas\San Lorenzo\San Lorenzo Escudo","SLE","SLE","24","REVISAR;REVISAR;COMPLETO","afectados=19; canónicos=19; maestros=0; nom=1; nom_cambios_condicionales=0; SLE_F_T4.png no es canónico ni nom. No convertir: ya existe FRONT T4 reconocido, se duplicaría el slot."
"C:\Users\julian\Documents\.fanaticotas\Spiderman","SPID","SPID","20","OK;NORMALIZAR PREFIJO;COMPLETO","afectados=20; canónicos=20; maestros=0; nom=0; nom_cambios_condicionales=0; "
"C:\Users\julian\Documents\.fanaticotas\Tasmania","TASM","TASM","20","OK;NORMALIZAR PREFIJO;COMPLETO","afectados=20; canónicos=20; maestros=0; nom=0; nom_cambios_condicionales=0; "
"C:\Users\julian\Documents\.fanaticotas\Tigre\Tigre 2024","TI24","TIG24","16","OK;NORMALIZAR PREFIJO;INCOMPLETO","afectados=16; canónicos=16; maestros=0; nom=0; nom_cambios_condicionales=0; INCOMPLETO: faltan 4 slots canónicos; maestros/nom no completan slots."
"C:\Users\julian\Documents\.fanaticotas\Tigre\Tigre 2026","TIG26","TIG26","22","OK;NORMALIZAR PREFIJO;COMPLETO","afectados=20; canónicos=20; maestros=0; nom=0; nom_cambios_condicionales=0; "
"C:\Users\julian\Documents\.fanaticotas\Velez","VEL","VEL","19","OK;NORMALIZAR PREFIJO;INCOMPLETO","afectados=16; canónicos=16; maestros=0; nom=3; nom_cambios_condicionales=0; INCOMPLETO: faltan 4 slots canónicos; maestros/nom no completan slots."
"C:\Users\julian\Documents\.fanaticotas\Venezuela","VE26","VEN26","2","SUGERENCIA DE RENOMBRE;NORMALIZAR PREFIJO;INCOMPLETO","afectados=2; canónicos=2; maestros=0; nom=0; nom_cambios_condicionales=0; VE26 sugiere 2026, PSD omite año. VEN26 provisional; confirmar. INCOMPLETO: faltan 18 slots canónicos; maestros/nom no completan slots."
